Question,Answer
 1. What is correlation in the context of statistics?," Correlation in statistics is a measure that expresses the extent to which two variables are linearly related. It is a common tool for describing simpler relationships without making a statement about cause and effect. Correlation coefficients range from -1 to 1, with a value of 0 indicating no linear relationship between the two variables, a value of 1 indicating a perfect positive linear relationship, and a value of -1 indicating a perfect negative linear relationship."
     2. What does a correlation coefficient of 1 indicate?, A correlation coefficient of 1 indicates a perfect positive linear relationship between two variables.
     3. What does a correlation coefficient of -1 indicate?, A correlation coefficient of -1 indicates a perfect negative linear relationship between the two variables.
     4. What does a correlation coefficient of 0 indicate?, A correlation coefficient of 0 indicates no linear relationship between the two variables.
     5. What are the two main uses of correlation in statistics?," The two main uses of correlation in statistics are:
1. Identifying relationships between variables: Correlation can be used to determine whether there is a relationship between two variables, and if so, whether the relationship is positive or negative.
2. Making predictions: If there is a strong correlation between two variables, it is possible to use the value of one variable to predict the value of the other variable, which can be useful for making predictions in various fields such as business, finance, and medicine."
     6. What can correlation help identify between two variables?," Correlation can help identify whether there is a relationship between two variables, and if so, whether the relationship is positive or negative."
     7. What can a strong correlation between two variables help you do?," A strong correlation between two variables can help you make predictions using the value of one variable to predict the value of the other variable. This can be useful for making predictions in various fields such as business, finance, and medicine. Additionally, a strong correlation can serve as a starting point for developing causal models, which are models that describe how changes in one variable cause changes in other variables. Causal models can be used to make more accurate predictions and to develop interventions to change the values of specific variables."
     8. How can correlation be used to develop causal models?," Correlation can be used as a starting point for developing causal models. Causal models describe how changes in one variable cause changes in other variables. By identifying strong correlations between variables, researchers can begin to explore the causal relationships between them. However, it's important to note that correlation does not imply causation, and further investigation is needed to establish causal relationships."
